Slurm JOB ID,JOB Name (exp. condition),r,"lora_
alpha","lora_
dropout",target_modules,data_type,epoch,learning rate,weight decay,lr_scheduler_type,EM,Rel. Acc. Num,Average,# Numeric,# Valid,Note
"Using original vlm_inference.py (before implementating compatible code, metric calculation is different)",,,,,,,,,,,,,,,,
"2526822, 2528991","256M-instruct-ti-1, 256M-instruct-i-1",128,8,0.1,"[""q_proj"",""k_proj"",""v_proj"",""o_proj"",""gate_proj"",""up_proj"",""down_proj""] ","""long""",3,0.0001,0.01,"""cosine""",0.3826,0.4857,0.43415,852,805,
"2526833, 2528992","256M-instruct-ti-2, 256M-instruct-i-2",256,8,0.1,"[""q_proj"",""k_proj"",""v_proj"",""o_proj"",""gate_proj"",""up_proj"",""down_proj""] ","""long""",3,0.0001,0.01,"""cosine""",0.375,0.4748,0.4249,840,794,
2530144,256M-instruct-ti-3,256,16,0.1,"[""q_proj"",""k_proj"",""v_proj"",""o_proj"",""gate_proj"",""up_proj"",""down_proj""] ","""long""",3,0.0001,0.01,"""cosine""",0.3904,0.4843,0.43735,1009,960,
2530007,256M-instruct-ti-4,256,32,0.1,"[""q_proj"",""k_proj"",""v_proj"",""o_proj"",""gate_proj"",""up_proj"",""down_proj""] ","""long""",3,0.0001,0.01,"""cosine""",0.4318,0.5338,0.4828,1276,1225,
2530148,256M-instruct-ti-5,256,64,0.1,"[""q_proj"",""k_proj"",""v_proj"",""o_proj"",""gate_proj"",""up_proj"",""down_proj""] ","""long""",3,0.0001,0.01,"""cosine""",0.4479,0.561,0.50445,1574,1515,
2530952,256M-instruct-ti-5,256,128,0.1,"[""q_proj"",""k_proj"",""v_proj"",""o_proj"",""gate_proj"",""up_proj"",""down_proj""] ","""long""",3,0.0001,0.01,"""cosine""",0.3684,0.5035,0.43595,1653,1551,
2530980,256M-instruct-ti-6,256,256,0.1,"[""q_proj"",""k_proj"",""v_proj"",""o_proj"",""gate_proj"",""up_proj"",""down_proj""] ","""long""",3,0.0001,0.01,"""cosine""",0.3655,0.4996,0.43255,1658,1557,
2530992,256M-instruct-ti-7,256,512,0.1,"[""q_proj"",""k_proj"",""v_proj"",""o_proj"",""gate_proj"",""up_proj"",""down_proj""] ","""long""",3,0.0001,0.01,"""cosine""",0.3216,0.4528,0.3872,1489,1389,
2530999,256M-instruct-ti-8,128,64,0.1,"[""q_proj"",""k_proj"",""v_proj"",""o_proj"",""gate_proj"",""up_proj"",""down_proj""] ","""long""",3,0.0001,0.01,"""cosine""",0.4491,0.5639,0.5065,1632,1571,
2531005,256M-instruct-ti-9,128,128,0.1,"[""q_proj"",""k_proj"",""v_proj"",""o_proj"",""gate_proj"",""up_proj"",""down_proj""] ","""long""",3,0.0001,0.01,"""cosine""",0.3997,0.5238,0.46175,1771,1678,
2531016,256M-instruct-ti-10,128,256,0.1,"[""q_proj"",""k_proj"",""v_proj"",""o_proj"",""gate_proj"",""up_proj"",""down_proj""] ","""long""",3,0.0001,0.01,"""cosine""",0.3583,0.4488,0.40355,1627,1526,
2531460,256M-instruct-ti-11,8,8,0.1,"[""q_proj"",""k_proj"",""v_proj"",""o_proj"",""gate_proj"",""up_proj"",""down_proj""] ","""long""",3,0.0001,0.01,"""cosine""",0.3868,0.4845,0.43565,822,776,
2531461,256M-instruct-ti-12,64,8,0.1,"[""q_proj"",""k_proj"",""v_proj"",""o_proj"",""gate_proj"",""up_proj"",""down_proj""] ","""long""",3,0.0001,0.01,"""cosine""",0.3793,0.4847,0.432,833,786,
2531462,256M-instruct-ti-13,64,64,0.1,"[""q_proj"",""k_proj"",""v_proj"",""o_proj"",""gate_proj"",""up_proj"",""down_proj""] ","""long""",3,0.0001,0.01,"""cosine""",0.4322,0.5547,0.49345,1652,1690,
2531464,256M-instruct-ti-14,64,128,0.1,"[""q_proj"",""k_proj"",""v_proj"",""o_proj"",""gate_proj"",""up_proj"",""down_proj""] ","""long""",3,0.0001,0.01,"""cosine""",0.3814,0.5127,0.44705,1738,1646,
After implementing compatibility code,,,,,,,,,,,,,,,,
2536773,256M-instruct-comp-ti-1,8,8,0.1,"[""q_proj"",""k_proj"",""v_proj"",""o_proj"",""gate_proj"",""up_proj"",""down_proj"",""lm_head""] ","""long""",3,0.0001,0.01,"""cosine""",24.55,30.03,27.29,786,839,
2536815,256M-instruct-comp-ti-2,64,8,0.1,"[""q_proj"",""k_proj"",""v_proj"",""o_proj"",""gate_proj"",""up_proj"",""down_proj"",""lm_head""] ","""long""",3,0.0001,0.01,"""cosine""",24.12,29.23,26.675,797,850,
2536816,256M-instruct-comp-ti-3,128,8,0.1,"[""q_proj"",""k_proj"",""v_proj"",""o_proj"",""gate_proj"",""up_proj"",""down_proj"",""lm_head""] ","""long""",3,0.0001,0.01,"""cosine""",24.47,30.04,27.255,799,850,
2536820,256M-instruct-comp-ti-4,256,8,0.1,"[""q_proj"",""k_proj"",""v_proj"",""o_proj"",""gate_proj"",""up_proj"",""down_proj"",""lm_head""] ","""long""",3,0.0001,0.01,"""cosine""",24.47,30.25,27.36,800,854,
2536821,256M-instruct-comp-ti-5,128,32,0.1,"[""q_proj"",""k_proj"",""v_proj"",""o_proj"",""gate_proj"",""up_proj"",""down_proj"",""lm_head""] ","""long""",3,0.0001,0.01,"""cosine""",26.31,32.06,29.185,995,1049,
2536893,256M-instruct-comp-ti-6,128,64,0.1,"[""q_proj"",""k_proj"",""v_proj"",""o_proj"",""gate_proj"",""up_proj"",""down_proj"",""lm_head""] ","""long""",3,0.0001,0.01,"""cosine""",30.11,36.43,33.27,1194,1252,
2536904,256M-instruct-comp-ti-7,128,128,0.1,"[""q_proj"",""k_proj"",""v_proj"",""o_proj"",""gate_proj"",""up_proj"",""down_proj"",""lm_head""] ","""long""",3,0.0001,0.01,"""cosine""",37.71,46,41.855,1730,1814,
2536905,256M-instruct-comp-ti-8,128,64,0.2,"[""q_proj"",""k_proj"",""v_proj"",""o_proj"",""gate_proj"",""up_proj"",""down_proj"",""lm_head""] ","""long""",3,0.0001,0.01,"""cosine""",30.12,36.34,33.23,1197,1255,
2536909,256M-instruct-comp-ti-9,128,64,0.3,"[""q_proj"",""k_proj"",""v_proj"",""o_proj"",""gate_proj"",""up_proj"",""down_proj"",""lm_head""] ","""long""",3,0.0001,0.01,"""cosine""",30.34,36.72,33.53,1190,1249,
2536916,256M-instruct-comp-ti-10,128,64,0.1,"[""q_proj"",""k_proj"",""v_proj"",""o_proj""] ","""long""",3,0.0001,0.01,"""cosine""",29.04,35.34,32.19,1211,1274,
2536918,256M-instruct-comp-ti-11,128,64,0.1,"[""gate_proj"",""up_proj"",""down_proj"",""lm_head""] ","""long""",3,0.0001,0.01,"""cosine""",24.21,30.02,27.115,926,983,
2537556,256M-instruct-comp-ti-12,256,64,0.1,"[""q_proj"",""k_proj"",""v_proj"",""o_proj"",""gate_proj"",""up_proj"",""down_proj"",""lm_head""] ","""long""",3,0.0001,0.01,"""cosine""",30.15,36.33,33.24,1156,1214,
2537557,256M-instruct-comp-ti-13,256,128,0.1,"[""q_proj"",""k_proj"",""v_proj"",""o_proj"",""gate_proj"",""up_proj"",""down_proj"",""lm_head""] ","""long""",3,0.0001,0.01,"""cosine""",36.8,45.03,40.915,1679,1764,
2537558,256M-instruct-comp-ti-14,256,256,0.1,"[""q_proj"",""k_proj"",""v_proj"",""o_proj"",""gate_proj"",""up_proj"",""down_proj"",""lm_head""] ","""long""",3,0.0001,0.01,"""cosine""",37.82,48.09,42.955,1880,1978,
2537559,256M-instruct-comp-ti-15,512,64,0.1,"[""q_proj"",""k_proj"",""v_proj"",""o_proj"",""gate_proj"",""up_proj"",""down_proj"",""lm_head""] ","""long""",3,0.0001,0.01,"""cosine""",29.52,35.74,32.63,164,1223,
2537561,256M-instruct-comp-ti-16,512,256,0.1,"[""q_proj"",""k_proj"",""v_proj"",""o_proj"",""gate_proj"",""up_proj"",""down_proj"",""lm_head""] ","""long""",3,0.0001,0.01,"""cosine""",38.52,48.85,43.685,1883,1981,
2537562,256M-instruct-comp-ti-17,512,512,0.1,"[""q_proj"",""k_proj"",""v_proj"",""o_proj"",""gate_proj"",""up_proj"",""down_proj"",""lm_head""] ","""long""",3,0.0001,0.01,"""cosine""",32.26,40.57,36.415,1851,1953,
2537564,256M-instruct-comp-ti-18,128,64,0.1,"[""q_proj"",""k_proj"",""v_proj"",""o_proj"",""gate_proj"",""up_proj"",""down_proj"",""lm_head""] ","""other""",3,0.0001,0.01,"""cosine""",31.18,37.78,34.48,1448,1520,
2537585,smolvlm-orig-inst-256M,n/a,n/a,n/a,n/a,"""long""",n/a,n/a,n/a,n/a,16.39,21.94,19.165,720,726,
2537586,smolvlm-orig-inst-500M,n/a,n/a,n/a,n/a,"""long""",n/a,n/a,n/a,n/a,38.16,48.66,43.41,1309,1313,
2537587,smolvlm-orig-inst-2B,n/a,n/a,n/a,n/a,"""long""",n/a,n/a,n/a,n/a,39.78,48.96,44.37,1005,1008,
2537588,smolvlm-orig-base-256M,n/a,n/a,n/a,n/a,"""long""",n/a,n/a,n/a,n/a,2.04,3.23,2.635,713,734,
2537589,smolvlm-orig-base-500M,n/a,n/a,n/a,n/a,"""long""",n/a,n/a,n/a,n/a,0,0,0,519,550,
2537590,smolvlm-orig-base-2B,n/a,n/a,n/a,n/a,"""long""",n/a,n/a,n/a,n/a,0.9,2.42,1.66,866,893,
2537644,256M-instruct-comp-ti-19,512,256,0.2,"[""q_proj"",""k_proj"",""v_proj"",""o_proj"",""gate_proj"",""up_proj"",""down_proj"",""lm_head""] ","""long""",3,0.0001,0.01,"""cosine""",38.59,48.8,43.695,1881,1980,
2537645,256M-instruct-comp-ti-20,512,256,0.3,"[""q_proj"",""k_proj"",""v_proj"",""o_proj"",""gate_proj"",""up_proj"",""down_proj"",""lm_head""] ","""long""",3,0.0001,0.01,"""cosine""",39.13,49.36,44.245,1884,1983,
2537649,256M-instruct-comp-ti-21,512,256,0.1,"[""q_proj"",""k_proj"",""v_proj"",""o_proj""] ","""long""",3,0.0001,0.01,"""cosine""",41.11,49.73,45.42,1868,1968,
"2540199, 254208",256M-instruct-comp-ti-21,512,256,0.1,"[""q_proj"",""k_proj"",""v_proj"",""o_proj""] ","""long""",3,0.0001,0.01,"""cosine""",40.78,49.38,45.08,1865,1964,reproducibility
2537651,256M-instruct-comp-ti-22,512,256,0.1,"[""gate_proj"",""up_proj"",""down_proj"",""lm_head""] ","""long""",3,0.0001,0.01,"""cosine""",29.13,36.4,32.765,1349,1411,
2537652,256M-instruct-comp-ti-23,512,256,0.1,"[""q_proj"",""k_proj"",""v_proj"",""o_proj"",""gate_proj"",""up_proj"",""down_proj"",""lm_head""] ","""other""",3,0.0001,0.01,"""cosine""",39.78,50.21,44.995,1884,1986,
2537653,256M-instruct-comp-ti-24,512,256,0.1,"[""q_proj"",""k_proj"",""v_proj"",""o_proj"",""gate_proj"",""up_proj"",""down_proj"",""lm_head""] ","""long""",10,0.0001,0.01,"""cosine""",39.04,47.03,43.035,1752,1834,4.5hour request
2537654,256M-instruct-comp-ti-25,512,256,0.1,"[""q_proj"",""k_proj"",""v_proj"",""o_proj"",""gate_proj"",""up_proj"",""down_proj"",""lm_head""] ","""long""",3,0.0002,0.01,"""cosine""",34.73,43.75,39.24,1872,1975,
2537664,256M-instruct-comp-ti-26,512,256,0.1,"[""q_proj"",""k_proj"",""v_proj"",""o_proj"",""gate_proj"",""up_proj"",""down_proj"",""lm_head""] ","""long""",3,0.0005,0.01,"""cosine""",23.55,31.77,27.66,1835,31.77,
2537665,256M-instruct-comp-ti-27,512,256,0.1,"[""q_proj"",""k_proj"",""v_proj"",""o_proj"",""gate_proj"",""up_proj"",""down_proj"",""lm_head""] ","""long""",3,0.001,0.01,"""cosine""",8.13,15.43,11.78,1841,1944,
2537666,256M-instruct-comp-ti-28,512,256,0.1,"[""q_proj"",""k_proj"",""v_proj"",""o_proj"",""gate_proj"",""up_proj"",""down_proj"",""lm_head""] ","""long""",3,0.002,0.01,"""cosine""",3.92,8.62,6.27,1879,1989,
2537667,256M-instruct-comp-ti-29,512,256,0.1,"[""q_proj"",""k_proj"",""v_proj"",""o_proj"",""gate_proj"",""up_proj"",""down_proj"",""lm_head""] ","""long""",3,0.005,0.01,"""cosine""",0,0,0,0,0,
2537668,256M-instruct-comp-ti-30,512,256,0.1,"[""q_proj"",""k_proj"",""v_proj"",""o_proj"",""gate_proj"",""up_proj"",""down_proj"",""lm_head""] ","""long""",3,0.01,0.01,"""cosine""",0,0,0,0,0,
2537671,256M-instruct-comp-ti-31,512,256,0.1,"[""q_proj"",""k_proj"",""v_proj"",""o_proj"",""gate_proj"",""up_proj"",""down_proj"",""lm_head""] ","""long""",3,0.0001,0.01,"""linear""",37.62,47.82,42.72,1878,1975,
2537672,256M-instruct-comp-ti-32,512,256,0.1,"[""q_proj"",""k_proj"",""v_proj"",""o_proj"",""gate_proj"",""up_proj"",""down_proj"",""lm_head""] ","""long""",3,0.0002,0.01,"""linear""",33.62,42.85,38.235,1874,1975,
2537673,256M-instruct-comp-ti-33,512,256,0.1,"[""q_proj"",""k_proj"",""v_proj"",""o_proj"",""gate_proj"",""up_proj"",""down_proj"",""lm_head""] ","""long""",3,0.0005,0.01,"""linear""",21.17,29.98,25.575,1848,1951,
2537674,256M-instruct-comp-ti-34,512,256,0.1,"[""q_proj"",""k_proj"",""v_proj"",""o_proj"",""gate_proj"",""up_proj"",""down_proj"",""lm_head""] ","""long""",3,0.001,0.01,"""linear""",11.16,18.91,15.035,1809,1909,
2537675,256M-instruct-comp-ti-35,512,256,0.1,"[""q_proj"",""k_proj"",""v_proj"",""o_proj"",""gate_proj"",""up_proj"",""down_proj"",""lm_head""] ","""long""",3,0.002,0.01,"""linear""",3.92,8.11,6.015,1863,1966,
2537676,256M-instruct-comp-ti-36,512,256,0.1,"[""q_proj"",""k_proj"",""v_proj"",""o_proj"",""gate_proj"",""up_proj"",""down_proj"",""lm_head""] ","""long""",3,0.005,0.01,"""linear""",28.57,0,14.285,3,7,
2537677,256M-instruct-comp-ti-37,512,256,0.1,"[""q_proj"",""k_proj"",""v_proj"",""o_proj"",""gate_proj"",""up_proj"",""down_proj"",""lm_head""] ","""long""",3,0.01,0.01,"""linear""",0,0,0,0,0,
2537679,256M-instruct-comp-ti-38,512,256,0.1,"[""q_proj"",""k_proj"",""v_proj"",""o_proj"",""gate_proj"",""up_proj"",""down_proj"",""lm_head""] ","""long""",3,0.0001,0.01,“reduce_lr_on_plateau”,40.41,49.55,44.98,1873,1975,
2537680,256M-instruct-comp-ti-39,512,256,0.1,"[""q_proj"",""k_proj"",""v_proj"",""o_proj"",""gate_proj"",""up_proj"",""down_proj"",""lm_head""] ","""long""",3,0.0002,0.01,“reduce_lr_on_plateau”,35.37,44.59,39.98,1884,1985,
2537681,256M-instruct-comp-ti-40,512,256,0.1,"[""q_proj"",""k_proj"",""v_proj"",""o_proj"",""gate_proj"",""up_proj"",""down_proj"",""lm_head""] ","""long""",3,0.0005,0.01,“reduce_lr_on_plateau”,15.39,24.22,19.805,1891,1995,
2537682,256M-instruct-comp-ti-41,512,256,0.1,"[""q_proj"",""k_proj"",""v_proj"",""o_proj"",""gate_proj"",""up_proj"",""down_proj"",""lm_head""] ","""long""",3,0.001,0.01,“reduce_lr_on_plateau”,6.41,14.96,10.685,1832,1935,
2537683,256M-instruct-comp-ti-42,512,256,0.1,"[""q_proj"",""k_proj"",""v_proj"",""o_proj"",""gate_proj"",""up_proj"",""down_proj"",""lm_head""] ","""long""",3,0.002,0.01,“reduce_lr_on_plateau”,4.28,10.13,7.205,1906,2008,
2537684,256M-instruct-comp-ti-43,512,256,0.1,"[""q_proj"",""k_proj"",""v_proj"",""o_proj"",""gate_proj"",""up_proj"",""down_proj"",""lm_head""] ","""long""",3,0.005,0.01,“reduce_lr_on_plateau”,0,0,0,2,2,
2537685,256M-instruct-comp-ti-44,512,256,0.1,"[""q_proj"",""k_proj"",""v_proj"",""o_proj"",""gate_proj"",""up_proj"",""down_proj"",""lm_head""] ","""long""",3,0.01,0.01,“reduce_lr_on_plateau”,0,0,0,0,0,
2538005,256M-instruct-comp-ti-45,8,256,0.1,"[""q_proj"",""k_proj"",""v_proj"",""o_proj"",""gate_proj"",""up_proj"",""down_proj"",""lm_head""] ","""long""",3,0.0001,0.01,"""cosine""",37.24,47.18,42.21,1878,1979,
2540189,256M-instruct-comp-ti-46,512,256,0.1,"[""q_proj"",""k_proj"",""v_proj"",""o_proj"",""gate_proj"",""up_proj"",""down_proj"",""lm_head""] ","""long""",3,0.00005,0.01,"""cosine""",33.75,40.92,37.335,1530,1597,
After changing to 5 epochs as default,,,,,,,,,,,,,,,,
2538061,256M-instruct-comp-ti-5epoch-1,8,8,0.1,"[""q_proj"",""k_proj"",""v_proj"",""o_proj"",""gate_proj"",""up_proj"",""down_proj"",""lm_head""] ","""long""",5,0.0001,0.01,"""cosine""",23.52,29.65,26.585,914,965,
"2538064, 2538094",256M-instruct-comp-ti-5epoch-2,64,8,0.1,"[""q_proj"",""k_proj"",""v_proj"",""o_proj"",""gate_proj"",""up_proj"",""down_proj"",""lm_head""] ","""long""",5,0.0001,0.01,"""cosine""",24.02,29.96,26.99,918,970,check variance
2539151,256M-instruct-comp-ti-5epoch-3,128,8,0.1,"[""q_proj"",""k_proj"",""v_proj"",""o_proj"",""gate_proj"",""up_proj"",""down_proj"",""lm_head""] ","""long""",5,0.0001,0.01,"""cosine""",24.51,30.5,27.505,928,979,
2538095,256M-instruct-comp-ti-5epoch-4,256,8,0.1,"[""q_proj"",""k_proj"",""v_proj"",""o_proj"",""gate_proj"",""up_proj"",""down_proj"",""lm_head""] ","""long""",5,0.0001,0.01,"""cosine""",24.64,30.54,27.59,920,974,
2538097,256M-instruct-comp-ti-5epoch-5,128,32,0.1,"[""q_proj"",""k_proj"",""v_proj"",""o_proj"",""gate_proj"",""up_proj"",""down_proj"",""lm_head""] ","""long""",5,0.0001,0.01,"""cosine""",27.72,34.15,30.935,1101,1158,
2538098,256M-instruct-comp-ti-5epoch-6,128,64,0.1,"[""q_proj"",""k_proj"",""v_proj"",""o_proj"",""gate_proj"",""up_proj"",""down_proj"",""lm_head""] ","""long""",5,0.0001,0.01,"""cosine""",30.09,36.58,33.335,1285,1346,
2538099,256M-instruct-comp-ti-5epoch-7,128,128,0.1,"[""q_proj"",""k_proj"",""v_proj"",""o_proj"",""gate_proj"",""up_proj"",""down_proj"",""lm_head""] ","""long""",5,0.0001,0.01,"""cosine""",36.87,44.98,40.925,1714,1793,
2538104,256M-instruct-comp-ti-5epoch-8,128,64,0.2,"[""q_proj"",""k_proj"",""v_proj"",""o_proj"",""gate_proj"",""up_proj"",""down_proj"",""lm_head""] ","""long""",5,0.0001,0.01,"""cosine""",30.44,36.85,33.645,1289,1350,
2538105,256M-instruct-comp-ti-5epoch-9,128,64,0.3,"[""q_proj"",""k_proj"",""v_proj"",""o_proj"",""gate_proj"",""up_proj"",""down_proj"",""lm_head""] ","""long""",5,0.0001,0.01,"""cosine""",30.28,36.94,33.61,1283,1344,
2538106,256M-instruct-comp-ti-5epoch-10,128,64,0.1,"[""q_proj"",""k_proj"",""v_proj"",""o_proj""] ","""long""",5,0.0001,0.01,"""cosine""",30.91,36.61,33.76,1333,1404,
2539153,256M-instruct-comp-ti-5epoch-11,128,64,0.1,"[""gate_proj"",""up_proj"",""down_proj"",""lm_head""] ","""long""",5,0.0001,0.01,"""cosine""",24.23,30.54,27.385,1087,1143,
2539154,256M-instruct-comp-ti-5epoch-12,256,64,0.1,"[""q_proj"",""k_proj"",""v_proj"",""o_proj"",""gate_proj"",""up_proj"",""down_proj"",""lm_head""] ","""long""",5,0.0001,0.01,"""cosine""",29.55,35.94,32.745,1241,1303,
2539155,256M-instruct-comp-ti-5epoch-13,256,128,0.1,"[""q_proj"",""k_proj"",""v_proj"",""o_proj"",""gate_proj"",""up_proj"",""down_proj"",""lm_head""] ","""long""",5,0.0001,0.01,"""cosine""",35.53,44.02,39.775,1640,1717,
2539508,256M-instruct-comp-ti-5epoch-14,256,256,0.1,"[""q_proj"",""k_proj"",""v_proj"",""o_proj"",""gate_proj"",""up_proj"",""down_proj"",""lm_head""] ","""long""",5,0.0001,0.01,"""cosine""",37.1,46.94,42.02,1862,1957,mind JOB ID
2539156,256M-instruct-comp-ti-5epoch-15,512,64,0.1,"[""q_proj"",""k_proj"",""v_proj"",""o_proj"",""gate_proj"",""up_proj"",""down_proj"",""lm_head""] ","""long""",5,0.0001,0.01,"""cosine""",29.39,35.86,32.625,1241,1303,
2539157,256M-instruct-comp-ti-5epoch-16,512,256,0.1,"[""q_proj"",""k_proj"",""v_proj"",""o_proj"",""gate_proj"",""up_proj"",""down_proj"",""lm_head""] ","""long""",5,0.0001,0.01,"""cosine""",37.3,47.04,42.17,1860,1957,
2539158,256M-instruct-comp-ti-5epoch-17,512,512,0.1,"[""q_proj"",""k_proj"",""v_proj"",""o_proj"",""gate_proj"",""up_proj"",""down_proj"",""lm_head""] ","""long""",5,0.0001,0.01,"""cosine""",33.05,42.03,37.54,1870,1973,
2539159,256M-instruct-comp-ti-5epoch-18,128,64,0.1,"[""q_proj"",""k_proj"",""v_proj"",""o_proj"",""gate_proj"",""up_proj"",""down_proj"",""lm_head""] ","""other""",5,0.0001,0.01,"""cosine""",30.81,38.29,34.55,1559,1639,
2539160,256M-instruct-comp-ti-5epoch-19,512,256,0.2,"[""q_proj"",""k_proj"",""v_proj"",""o_proj"",""gate_proj"",""up_proj"",""down_proj"",""lm_head""] ","""long""",5,0.0001,0.01,"""cosine""",37.54,47.16,42.35,1864,1963,
2539164,256M-instruct-comp-ti-5epoch-20,512,256,0.3,"[""q_proj"",""k_proj"",""v_proj"",""o_proj"",""gate_proj"",""up_proj"",""down_proj"",""lm_head""] ","""long""",5,0.0001,0.01,"""cosine""",37.28,46.54,41.91,1852,1950,
2539165,256M-instruct-comp-ti-5epoch-21,512,256,0.1,"[""q_proj"",""k_proj"",""v_proj"",""o_proj""] ","""long""",5,0.0001,0.01,"""cosine""",39.84,49.84,44.84,1848,1948,
2540197,256M-instruct-comp-ti-5epoch-21,512,256,0.1,"[""q_proj"",""k_proj"",""v_proj"",""o_proj""] ","""long""",5,0.0001,0.01,"""cosine""",40.8,50.67,45.735,1859,1956,reproducibility
2539166,256M-instruct-comp-ti-5epoch-22,512,256,0.1,"[""gate_proj"",""up_proj"",""down_proj"",""lm_head""] ","""long""",5,0.0001,0.01,"""cosine""",34.65,41.95,38.3,1490,1550,
2539167,256M-instruct-comp-ti-5epoch-23,512,256,0.1,"[""q_proj"",""k_proj"",""v_proj"",""o_proj"",""gate_proj"",""up_proj"",""down_proj"",""lm_head""] ","""other""",5,0.0001,0.01,"""cosine""",35.24,45.91,40.575,1869,1972,
2539168 (cancel),256M-instruct-comp-ti-5epoch-24,512,256,0.1,"[""q_proj"",""k_proj"",""v_proj"",""o_proj"",""gate_proj"",""up_proj"",""down_proj"",""lm_head""] ","""long""",10,0.0001,0.01,"""cosine""",,,,,,
2539169,256M-instruct-comp-ti-5epoch-25,512,256,0.1,"[""q_proj"",""k_proj"",""v_proj"",""o_proj"",""gate_proj"",""up_proj"",""down_proj"",""lm_head""] ","""long""",5,0.0002,0.01,"""cosine""",32.25,41.55,36.9,1875,1978,
2539170,256M-instruct-comp-ti-5epoch-26,512,256,0.1,"[""q_proj"",""k_proj"",""v_proj"",""o_proj"",""gate_proj"",""up_proj"",""down_proj"",""lm_head""] ","""long""",5,0.0005,0.01,"""cosine""",22.08,32.84,27.46,1873,1975,
2539172,256M-instruct-comp-ti-5epoch-27,512,256,0.1,"[""q_proj"",""k_proj"",""v_proj"",""o_proj"",""gate_proj"",""up_proj"",""down_proj"",""lm_head""] ","""long""",5,0.001,0.01,"""cosine""",9.7,19.97,14.835,1898,2000,
2539173 (cancel),256M-instruct-comp-ti-5epoch-28,512,256,0.1,"[""q_proj"",""k_proj"",""v_proj"",""o_proj"",""gate_proj"",""up_proj"",""down_proj"",""lm_head""] ","""long""",5,0.002,0.01,"""cosine""",,,,,,
2539174 (cancel),256M-instruct-comp-ti-5epoch-29,512,256,0.1,"[""q_proj"",""k_proj"",""v_proj"",""o_proj"",""gate_proj"",""up_proj"",""down_proj"",""lm_head""] ","""long""",5,0.005,0.01,"""cosine""",,,,,,
2539175 (cancel),256M-instruct-comp-ti-5epoch-30,512,256,0.1,"[""q_proj"",""k_proj"",""v_proj"",""o_proj"",""gate_proj"",""up_proj"",""down_proj"",""lm_head""] ","""long""",5,0.01,0.01,"""cosine""",,,,,,
2539185,256M-instruct-comp-ti-5epoch-31,512,256,0.1,"[""q_proj"",""k_proj"",""v_proj"",""o_proj"",""gate_proj"",""up_proj"",""down_proj"",""lm_head""] ","""long""",5,0.0001,0.01,"""linear""",37.67,47.54,42.605,1870,1967,
2539187,256M-instruct-comp-ti-5epoch-32,512,256,0.1,"[""q_proj"",""k_proj"",""v_proj"",""o_proj"",""gate_proj"",""up_proj"",""down_proj"",""lm_head""] ","""long""",5,0.0002,0.01,"""linear""",35.08,45.12,40.1,1884,1987,
2539188,256M-instruct-comp-ti-5epoch-33,512,256,0.1,"[""q_proj"",""k_proj"",""v_proj"",""o_proj"",""gate_proj"",""up_proj"",""down_proj"",""lm_head""] ","""long""",5,0.0005,0.01,"""linear""",25.62,35.38,30.5,1860,1963,
2539191,256M-instruct-comp-ti-5epoch-34,512,256,0.1,"[""q_proj"",""k_proj"",""v_proj"",""o_proj"",""gate_proj"",""up_proj"",""down_proj"",""lm_head""] ","""long""",5,0.001,0.01,"""linear""",9.05,19.13,14.09,1887,1989,
not submitted,256M-instruct-comp-ti-5epoch-35,512,256,0.1,"[""q_proj"",""k_proj"",""v_proj"",""o_proj"",""gate_proj"",""up_proj"",""down_proj"",""lm_head""] ","""long""",5,0.002,0.01,"""linear""",,,,,,
not submitted,256M-instruct-comp-ti-5epoch-36,512,256,0.1,"[""q_proj"",""k_proj"",""v_proj"",""o_proj"",""gate_proj"",""up_proj"",""down_proj"",""lm_head""] ","""long""",5,0.005,0.01,"""linear""",,,,,,
not submitted,256M-instruct-comp-ti-5epoch-37,512,256,0.1,"[""q_proj"",""k_proj"",""v_proj"",""o_proj"",""gate_proj"",""up_proj"",""down_proj"",""lm_head""] ","""long""",5,0.01,0.01,"""linear""",,,,,,
2539193,256M-instruct-comp-ti-5epoch-38,512,256,0.1,"[""q_proj"",""k_proj"",""v_proj"",""o_proj"",""gate_proj"",""up_proj"",""down_proj"",""lm_head""] ","""long""",5,0.0001,0.01,“reduce_lr_on_plateau”,38.8,48.02,43.41,1868,1969,
2539194,256M-instruct-comp-ti-5epoch-39,512,256,0.1,"[""q_proj"",""k_proj"",""v_proj"",""o_proj"",""gate_proj"",""up_proj"",""down_proj"",""lm_head""] ","""long""",5,0.0002,0.01,“reduce_lr_on_plateau”,35.11,44.86,39.985,1886,1988,
2539195,256M-instruct-comp-ti-5epoch-40,512,256,0.1,"[""q_proj"",""k_proj"",""v_proj"",""o_proj"",""gate_proj"",""up_proj"",""down_proj"",""lm_head""] ","""long""",5,0.0005,0.01,“reduce_lr_on_plateau”,16.39,25.7,21.045,1868,1971,
2539197,256M-instruct-comp-ti-5epoch-41,512,256,0.1,"[""q_proj"",""k_proj"",""v_proj"",""o_proj"",""gate_proj"",""up_proj"",""down_proj"",""lm_head""] ","""long""",5,0.001,0.01,“reduce_lr_on_plateau”,7,13.69,10.345,1870,1971,
not submitted,256M-instruct-comp-ti-5epoch-42,512,256,0.1,"[""q_proj"",""k_proj"",""v_proj"",""o_proj"",""gate_proj"",""up_proj"",""down_proj"",""lm_head""] ","""long""",5,0.002,0.01,“reduce_lr_on_plateau”,,,,,,
not submitted,256M-instruct-comp-ti-5epoch-43,512,256,0.1,"[""q_proj"",""k_proj"",""v_proj"",""o_proj"",""gate_proj"",""up_proj"",""down_proj"",""lm_head""] ","""long""",5,0.005,0.01,“reduce_lr_on_plateau”,,,,,,
not submitted,256M-instruct-comp-ti-5epoch-44,512,256,0.1,"[""q_proj"",""k_proj"",""v_proj"",""o_proj"",""gate_proj"",""up_proj"",""down_proj"",""lm_head""] ","""long""",5,0.01,0.01,“reduce_lr_on_plateau”,,,,,,
2540181,256M-instruct-comp-ti-5epoch-45,8,256,0.1,"[""q_proj"",""k_proj"",""v_proj"",""o_proj"",""gate_proj"",""up_proj"",""down_proj"",""lm_head""] ","""long""",5,0.0001,0.01,"""cosine""",37.42,47.37,42.395,1864,1967,JOB 2539200 failed
2540205,256M-instruct-comp-ti-5epoch-45,8,256,0.1,"[""q_proj"",""k_proj"",""v_proj"",""o_proj"",""gate_proj"",""up_proj"",""down_proj"",""lm_head""] ","""long""",5,0.0001,0.01,"""cosine""",35.11,46.79,40.95,1870,1968,reproducibility
2539206,256M-instruct-comp-ti-5epoch-46,512,256,0.1,"[""q_proj"",""k_proj"",""v_proj"",""o_proj"",""gate_proj"",""up_proj"",""down_proj"",""lm_head""] ","""long""",5,0.00005,0.01,"""cosine""",33.42,41.12,37.27,1549,1613,
2540206,256M-instruct-comp-ti-5epoch-46,512,256,0.1,"[""q_proj"",""k_proj"",""v_proj"",""o_proj"",""gate_proj"",""up_proj"",""down_proj"",""lm_head""] ","""long""",5,0.00005,0.01,"""cosine""",32.56,40.57,36.565,1533,1599,reproducibility